name,age,score
小明,13,88
小红,12,99
小刚,14,89
A,12,90.33333333
B,23,89.83333333
C,11,89.33333333
D,22,88.83333333
E,13,88.33333333
F,21,87.83333333
G,24,87.33333333
H,25,86.83333333
I,25,86.33333333
J,26,85.83333333
K,26,85.33333333
